{"posicion":{"x":7.498060703277588,"y":-1.1011203527450562,"z":-0.047512590885162356},"vida":3,"municion":11}